[
  {
    "modelClass": "ABC",
    "version": "200",
    "price": {
      "amount": "29500.00",
      "currency": "EUR",
      "locale": "de-DE"
    },
    "imagePath": "/assets/carImages/aclasswhite.jpg"
  },
  {
    "modelClass": "ABC",
    "version": "200 Auto",
    "price": {
      "amount": "31900.50",
      "currency": "EUR",
      "locale": "de-DE"
    },
    "imagePath": "/assets/carImages/aclasssilver.jpg"
  },
  {
    "modelClass": "ACD",
    "version": "250 Auto",
    "price": {
      "amount": "45400.10",
      "currency": "EUR",
      "locale": "de-DE"
    },
    "imagePath": "/assets/carImages/aclassred.jpg"
  },
  {
    "modelClass": "BCD",
    "version": "180 d",
    "price": {
      "amount": "29050.00",
      "currency": "EUR",
      "locale": "de-DE"
    },
    "imagePath": "/assets/carImages/aclassred.jpg"
  },
  {
    "modelClass": "CDA",
    "version": "200 d Auto",
    "price": {
      "amount": "38350.00",
      "currency": "EUR",
      "locale": "de-DE"
    },
    "imagePath": "/assets/carImages/aclasswhite.jpg"
  },
  {
    "modelClass": "CDA",
    "version": "220 d Auto",
    "price": {
      "amount": "43800.70",
      "currency": "EUR",
      "locale": "de-DE"
    },
    "imagePath": "/assets/carImages/aclasssilver.jpg"
  }
]
